Complications,Gene,Theme 1,Theme 2,Theme 3,Theme 4,Observation1,Observation2,Observation3,Observation4,PMID1,PMID2,PMID3,PMID4
Neuropathy,ACE,Diet,Inflammation,Obesity,Stress,1. High sodium intake limits the antihypertensive and antiproteinuric effects of angiotensin-converting enzyme (ACE) inhibitors in patients with CKD,"1. Angiotensin converting enzyme (ACE) inhibitors and angiotensin receptor blockers appear to reduce some markers of inflammation, and a meta-analysis concluded that ACE inhibitors and angiotensin receptor blockers reduce risk of developing type 2 diabetes.","1. However, extremely obese patients with T2DM showed an increased frequency of ACE  II genotype compared with controls (p<0.05) and with non-diabetic extremely obese patients (p<0.01).","1. METHODS AND RESULTS: Shear stress decreased ACE expression in cultured endothelial cells, an effect prevented by downregulating AMPK2 but not AMPK1.",22135311,16472047,23745680,23476055
Neuropathy,ADIPOQ,Diet,Inflammation,Obesity,Stress,"1. In ADIPOQ -10066 GG homozygotes, a high-MUFA diet may help to increase adiponectin with advancing age.","1. In obese patients, the decrease in the Adiponectin gene (ADIPOQ) expression has been associated with a systemic low-grade inflammatory state.",1. Adiponectin is an obesity related protein that mediates the risk of type 2 diabetes in obese individuals with its anti-inflammatory and insulin-sensitizing  properties.,"1. Therefore, adiponectin gene polymorphisms may lead  to diabetes atherosclerosis through oxidative stress.",22040870,23118546,23396303,25120586
Neuropathy,ADM,Diet,Inflammation,Obesity,Stress,"1. Thus, AM may represent a possible alternative dietary supplement for the treatment of type 2 diabetes.","1. ADM has been implicated as a mediator of several diseases such as cardiovascular and renal disorders, sepsis,  inflammation, diabetes and cancer.",1.  ADM is increased both in plasma and in adipose tissue of obese individuals when compared to lean subjects and is considered as a member of the adipokine family.,"1. The elevation of ADM level in diabetes may be due to hyperinsulinemia, oxidative stress and endothelial injury.",16613135,17100569,19247278,24936257
Neuropathy,ADRA2B,Diet,,,,"1. Increased LTPA decreased the risk of type 2 diabetes more in those with the 12Glu allele of the ADRA2B gene, whereas dietary changes may have mediated the greater risk reduction of the lifestyle intervention in 9Glu homozygotes.",,,,17277585,,,
Neuropathy,AGER,Diet,Inflammation,Obesity,Stress,"1. In conclusion, HF/HS diet could cause glucose intolerance, insulin resistance and upregulation of RAGE expression while GA ameliorated the metabolic dysregulation besides exhibiting inhibitory effects on the AGE-RAGE axis.","1. Thus, AGER is  an important inflammatory mediator that modulates crosstalk between prosurvival pathways, IL6-pSTAT3 and autophagy, in PDA tumor cells, and contributes to early  PanIN formation.",1. The receptor of AGEs (RAGE) is proinflammatory and appears to have a role in the pathogenesis of renal disease due to obesity.,1. CONCLUSION: AGE-mediated exacerbation of RAGE expression may contribute to oxidative stress generation that plays a key role in pathogenesis of vascular complications in diabetes.,25369772,22722139,25383746,24984291
Neuropathy,AKR1B1,Inflammation,Stress,,,"1. Our results showed that inhibition of aldose reductase (AKR1B1) significantly prevented the inflammatory signals induced by cytokines, growth factors, endotoxins, high glucose, allergens and auto-immune reactions in cellular as well as animal models.","1. Diabetic retinopathy is a complex disease that potentially involves increased production of advanced glycosylation end products (AGEs) and elevated aldose reductase (AR) activity, which are related with oxidative stress and inflammation.",,,21354119,23117428,,
Neuropathy,ALB,Obesity,Inflammation,Diet,,"Increased transcapillary escape rate of albumin and increased total body interstitial fluid volume in obesity likely makes levels of glycation of plasma protein unreliable indicators of glycation status in obesity as there is a shift of albumin dwell time from plasma to interstitial fluid, which decreases overall glycation for a given glycemic exposure.","Furthermore, three compounds, 2p, 2q and 2r, show good anti-inflammatory activities in the evaluation of albumin denaturation.",Both types of mice fed H diet excreted high levels of urinary albumin.,,27338619,26501248,26497335,
Neuropathy,APLN,Obesity,Inflammation,,,"This review is focused on the regulation of these novel adipocytokines by obesity, including apelin, endotrophin, FABP4, lipocalin 2, omentin-1, visfatin, chemerin, ANGPTL2 or osteopontin, emphasizing its involvement in tumorigenesis. ","Endocan, apelin and endoglin are thought to be associated with endothelial dysfunction, angiogenesis and inflammation.",,,26914773,27010147,,
Neuropathy,APOE,Inflammation,,,,"RESULTS: In women, waist circumference was correlated with significantly lower language and/or semantic categorization performance (P < .0001), executive functioning (P = .026), and overall cognition (P = .003) after controlling for age, education, BMI, and cardiovascular, diabetes-related,APOE4, and inflammatory potential confounders.",,,,27149905,,,
Neuropathy,ASPA,Obesity,,,,1. Upregulation of aspartoacylase activity in the duodenum of obesity induced diabetes mouse: implications on diabetic neuropathy. 2. Aspartoacylase (ASPA) hydrolyzes N-acetylaspartic acid (NAA) into aspartate and acetate.,,,,16707098,,,
Neuropathy,ATF3,DIet,Inflammation,Obesity,Stress,"1. The roles of ATF3, an adaptive-response gene, in high-fat-diet-induced diabetes and pancreatic beta-cell dysfunction. 2. In conclusion, our results support a model in which, before apoptosis becomes obvious, expression of ATF3 can be beneficial by helping beta-cells to cope with  higher metabolic demand.",1. CONCLUSIONS/INTERPRETATION: ATF3 plays a role in islet graft rejection by contributing to islet cell death and inflammatory responses at the graft sites.,"1. The unique sterol-independent LDLR repression by organelle stress via ATF3 demonstrated here could be involved in obesity-related hypercholesterolemia, which can lead to insulin resistance and type 2 diabetes.",1. Activating transcription factor 3 (ATF3) is induced by a variety of stress and inflammatory  conditions and is over-expressed in many kinds of cancer cells.,20519332,20349223,21294679,22046379
Neuropathy,ATP2A2,Stress,,,,1. PPAR-Gamma activation restores pancreatic islet SERCA2 levels and prevents beta-cell dysfunction under conditions of hyperglycemic and cytokine stress.,,,,22240811,,,
Neuropathy,AVP,Diet,Inflammation,Obesity,Stress,"1. After treatment with diet and/or sulfonylurea, plasma levels of AVP, ANG II and PRA decreased with a concomitant increase in plasma volume and disappearance of thirst.","1. Both arg-vasopressin (AVP) and parathyroid hormone-related protein (PTHrP) may act as proinflammatory hormones. In addition, they have been suggested to be involved in the pathophysiology of rheumatoid arthritis (RA). 2. CONCLUSION: AVP and PTHrP (1. 34) stimulated proliferation in human chondrocytes derived from healthy subjects as well as from patients with RA or OA. However, the effects of AVP and PTHrP (1. 34) on YKL-40 secretion varied depending on the origin of the chondrocytes.","1. Thus, we demonstrated that one of the AVP-resistance conditions resulting from deficiency of the V1a receptor leads to decreased plasma volume as well as impaired glucose homeostasis, which can progress to obesity under conditions of increased calorie intake.","1. Incubation of hypothalamic explants of wild-type mice with ER stressors (thapsigargin and tunicamycin) caused shortening of the poly(A) tail length of AVP and oxytocin mRNA, accompanied by decreases in their expression.",1828024,16488162,17303660,21971157
Neuropathy,BDNF,Obesity,Inflammation,Stress,Diet,"1. Importantly, we found that decreased BDNF were correlated with obesity and diabetes complications.","1. CONCLUSIONS: Chronic inflammatory condition and enhanced immune system are associated with the production of BDNF, which may be why the serum BDNF level in  T2DM patients with high platelet reactivity was higher compared to subjects with  normal platelet reactivity in this study.2. We also observed that BDNF levels  are low in type 2 diabetes mellitus and that BDNF enhances production of antiinflammatory lipid, lipoxin A4, whose levels are low in diabetes mellitus.","1. Endogenous BDNF might be protective against apoptosis through GADD153 suppression and steatosis via SREBP-1c suppression during ER stress. This effect of BDNF might be clinically important for type 2 diabetes and obesity, which are related with both ER stress and BDNF deficiency.",1. Results of the study indicate that exenatide reverts the adverse changes of BDNF signaling and the neuroinflammation status of 3xTg-AD mice undergoing HFD without affecting systemic metabolism or promoting changes in cognitive performances. ,26454822,"26739449 , 26706021",30039987,31256135
Neuropathy,CAV1,Obesity,,,,"1. Taken together, current data showed that CAV1 may play important preventive role in the development of obesity, with more prominent effects in females, and proved to be an important target protein for the hormonal regulation of adipose tissue metabolism by manipulating sex hormone receptors and mitochondrial oxidative pathways",,,,24608114,,,
Neuropathy,CCK,Obesity,,,,CCK receptor agonists are being investigated as therapeutics for obesity and diabetes.,,,,26394663,,,
Neuropathy,CEL,Diet,,,,"1. Carboxyl ester lipase (CEL) is involved in the hydrolysis and absorption of dietary lipids, but it is largely unknown to what extent CEL could be involved in determining the serum lipid levels.",,,,15114370,,,
Neuropathy,CNR1,Inflammation,Obesity,,,"1. Previous studies demonstrated that G1359A polymorphism of cannabinoid  receptor-1 (CNR1) was associated with cardiovascular risk factors including obesity, insulin resistance, dyslipidemia, and inflammation, which are also risk  factors for developing type 2 diabetes mellitus (T2DM).",1. CONCLUSION: This study supports the association of CNR1 4895 C/T with interindividual differences in obesity in men.,,,22138970,22976112,,
Neuropathy,CNR2,Inflammation,,,,"1. One such example is the CNR2 gene, encoding the cannabinoid receptor 2 (CB2), which has been implicated in mediating anti-inflammatory and anti-atherosclerotic effects in vivo.",,,,18636169,,,
Neuropathy,CNTF,Obesity,,,,"This review examines the potential of gp130 receptor ligands, with a focus on IL-6 and CNTF as therapeutic strategies to treat obesity-related disorders.",,,,26792338,,,
Neuropathy,CRK,Diet,Inflammation,Obesity,Stress,"1. ConclusionsTaking together, we demonstrate here for the first time that Arg-II causes eNOS-uncoupling through activation of p38 mapk in HFD-induced obesity.",1. p38 MAPK activation upregulates proinflammatory pathways in skeletal muscle cells from insulin-resistant type 2 diabetic patients.,1. p38 mitogen-activated protein kinase is involved in arginase-II-mediated eNOS-Uncoupling in Obesity.,1. The adaptor protein CRK is a pro-apoptotic transducer of endoplasmic reticulum stress.,25034973,25370850,25034973,22179045
Neuropathy,CRP,Diet,Inflammation,Obesity,Stress,"1. Among people with type 2 diabetes, higher levels of CRP were associated with lower diet quality and physical inactivity among men, and with obesity among both men and women.","1. Serum highly sensitive CRP (hsCRP) as an inflammation marker, and then malonyldealdehyde (MDA) and carbonyl-modified protein (CMP) as an oxidative stress were assayed by the conventional method, respectively.","1. The risk of adult obesity, metabolic syndrome, hyperglycaemia or type 2 diabetes, and elevated level of high-sensitivity CRP increased with a rise in childhood BMI and skinfold thicknesses, irrespectively of BMI gain from childhood to adulthood.","1. Serum highly sensitive CRP (hsCRP) as an inflammation marker, and then malonyldealdehyde (MDA) and carbonyl-modified protein (CMP) as an oxidative stress were assayed by the conventional method, respectively.",22865468,25660177,25778226,25660177
Neuropathy,CXCL10,Diet,Inflammation,Obesity,Stress,"1. RESULTS: WT mice, fed the MCD diet, developed steatohepatitis with higher hepatic CXCL10 expression.","1. Expression of CXCL10, a pro-inflammatory cytokine, correlates positively with obesity and type 2 diabetes.","1.  Expression of CXCL10, a pro-inflammatory cytokine, correlates positively with obesity and type 2 diabetes.","1. CXCL10 was linked to steatosis through upregulation of the lipogenic factors SREBP-1c and LXR, and also to oxidative stress (upregulation of CYP2E1 and C/EBP).",25048951,25048951,25048951,25048951
Neuropathy,CXCL12,Inflammation,Obesity,,,1. Genetic variations of CXCL12 gene might affect trafficking of inflammatory cells or defected precursors and hence induced tendency to diabetic complications.,"1. In non-obese diabetic (NOD) mice, which are predisposed to develop the disease, reduction of CXCL12 level leads to significant delays in the onset of diabetes.",,,25085744,18793419,,
Neuropathy,CXCR2,Diet,Obesity,,,"1. Using chimeric mice deficient in the KC receptor CXCR2 in their bone marrow, we show that the lack of CXCR2 in hematopoietic cells is sufficient to protect from adipose and skeletal muscle macrophage recruitment and development of insulin resistance in diet-induced obese mice.","1. These studies suggest that KC and its receptor CXCR2 are potential targets for the development of new therapeutic approaches for treatment of obesity-related insulin resistance, type II diabetes, and related cardiovascular diseases.",,,19494115,19494115,,
Neuropathy,CXCR4,Inflammation,Obesity,,,"1. Taken together, these data strongly implicate the SDF-1/CXCR4 axis in the pathogenesis of mineralocorticoid excess induced hypertension, inflammation, and cardiorenal fibrosis.","1. In addition, we demonstrated associations of CXCR4 and HHEX with overweight/obesity (OR=1.6, p=0.003) and (OR=1.4, p=0.002), respectively, in 1333 sib-pairs (2666 individuals).",,,21685249,23349771,,
Neuropathy,DDIT3,DIet,Inflammation,Obesity,Stress,"1. In both genetic and diet-induced models of insulin resistance, CHOP deficiency improved beta cell ultrastructure and promoted cell survival.","1. CHOP KD resulted in reduced cytokine-induced NF-KB activity and expression of key NF-KB target genes involved in apoptosis and inflammation, including iNOS, FAS, IRF-7,  IL-15, CCL5 and CXCL10.",1. Our data show that CHOP is a distinguished target for pharmacological intervention of obesity.,"1.  Activation of ERK, p38, JNK, AKT1, the ER stress markers DDIT3 and phospho-EIF2-alpha and the intrinsic apoptotic markers BCL2 and MCL1 was not different between genotypes.",18776938,22653339,23213463,21103982
Neuropathy,EDN1,Obesity,,,,"1. In obese subjects, NOS3 4a (P=0.011) had a converse effect to NOS3 894T (P=0.043), and EDN1 8002T (P=0.035) on the prevalence of combined microangiopathy (neuropathy/retinopathy/nephropathy) vs. microangiopathy-negative subjects.",,,,21406182,,,
Neuropathy,ENG,Inflammation,,,,"Endocan, apelin and endoglin are thought to be associated with endothelial dysfunction, angiogenesis and inflammation.",,,,27010147,,,
Neuropathy,ENPP2,Diet,Obesity,,,1. ENPP2 contributes to adipose tissue expansion and insulin resistance in diet-induced obesity.,"1. Taken  together, our results establish ENPP2 as an adipose-derived, secreted enzyme that regulates adipose obesity and systemic metabolism.",,,24969110,24969110,,
Neuropathy,EPO,Diet,Inflammation,Obesity,Stress,1. Erythropoietin inhibits gluconeogenesis and inflammation in the liver and improves glucose intolerance in high-fat diet-fed mice.,"1. Erythropoietin (EPO), a glycoprotein hormone indispensable for erythropoiesis, has biological activities that extend to nonerythroid tissues, including antiapoptotic and anti-inflammatory effects.","1. Moreover, EPO increased oxidative metabolism, fatty acid oxidation, and key metabolic genes in adipocytes and in white adipose tissue from diet-induced obese wild-type mice.","1. Erythropoietin therapy decreased tissue factor, its pathway inhibitor, and oxidative stress in peritoneal dialysis patients with diabetes.",23326455,24647735,23990359,17671395
Neuropathy,G6PD,Inflammation,,,,"The inflammatory group  showed much higher G6PD activities than did the normal group (p<0.001), with a high area under the curve value of 0.939.",,,,26802575,,,
Neuropathy,GCK,Inflammation,Diet,,,We previously demonstrated that DPP-4 inhibition ameliorated beta cell apoptosis and adipose tissue inflammation in beta cell-specific glucokinase haploinsufficient mice fed a diet containing a combination of sucrose and linoleic acid (SL).,We previously demonstrated that DPP-4 inhibition ameliorated beta cell apoptosis and adipose tissue inflammation in beta cell-specific glucokinase haploinsufficient mice fed a diet containing a combination of sucrose and linoleic acid (SL).,,,26937254,26937254,,
Neuropathy,GFAP,Diet,,,,"1. In retinas of HFD-diabetic AST(astaxanthin) -treated P. obesus, cellular retinaldehyde binding protein and glutamine synthetase in M?ller cells were more intense compared to the untreated HFD-diabetic group. HFD-induced diabetes downregulated the expression of glial fibrillary acidic protein in astrocytes, the POU domain protein 3A in retinal ganglion cells, and synaptophysin throughout the plexiform layers.",,,,30028214,,,
Neuropathy,GGT1,Diet,Inflammation,Obesity,Stress,"1. RESULTS: After adjustment for nondietary factors and other food groups, GGT was positively associated with alcohol consumption and meat intake. 2. Among possible meat constituents, dietary heme iron, but not saturated fat, was associated with GGT.","1. A higher degree of portal inflammation in AFLD was associated with a higher mean corpuscular volume, gamma glutamyl transferase (GGT) and alkaline phosphatase, and a lower platelet count and albumin, whereas in NAFLD this was associated with age, presence of diabetes, hypertension, body mass index (BMI), higher fasting blood glucose, cholesterol, alanine transaminase, GGT and ferritin.",1. This finding  has an important clinical implication because serum GGT can be used to detect high-risk obese persons.,"1. Serum gamma-glutamyltransferase (GGT), a  marker of oxidative stress, is a strong predictor of the risk of type 2 diabetes  mellitus.",15051603,20819880,25015117,23092212
Neuropathy,GIP,Obesity,Diet,,,Combining the body weight-lowering and glucose-lowering effects of GLP-1 with a more potent improvement of beta cell function through additional GIP action could potentially offer a more effective treatment of diabetes and obesity with fewer adverse effects than selective GLP-1R agonists.,A role in lipid metabolism is supported by numerous indirect observations and by resistance to diet-induced obesity after deletion of the GIP receptor.,,,27160961,27186349,,
Neuropathy,GIPR,Diet,Obesity,,,"1. The T allele of GIPR rs2287019 is associated with greater improvement of glucose homeostasis in individuals who choose a low-fat, high-carbohydrate, and high-fiber diet.","1. Weight-loss diets modify glucose-dependent insulinotropic polypeptide receptor rs2287019 genotype effects on changes in body weight, fasting glucose, and insulin resistance: the Preventing Overweight Using Novel Dietary Strategies trial. 2. BACKGROUND: Glucose-dependent insulinotropic polypeptide [also known as gastric inhibitory polypeptide (GIP)] and its receptor (GIPR) may link overnutrition to obesity, insulin resistance, and type 2 diabetes.",,,22237064,22237064,,
Neuropathy,GLO1,Obesity,Stress,,,"1. The prevalence of GLO1 copy number increase in the human population appears to be approximately 2% and may be linked to a risk of obesity, diabetes and aging.","1. Glyoxalase 1 (GLO1) is a ubiquitous cellular enzyme that participates in the detoxification of methylglyoxal (MG), a cytotoxic byproduct of glycolysis that induces protein modification (advanced glycation end-products, AGEs), oxidative stress, and apoptosis.",,,24646268,23181072,,
Neuropathy,GLP1R,Diet,Obesity,Inflammation,Stress,1. Sustained GLP1R/GCGR dual agonism reverses obesity in DIO mice and is a novel therapeutic approach to the treatment of obesity.,1. Glucagon-like peptide 1/glucagon receptor dual agonism reverses obesity in mice. 2. OBJECTIVE: Oxyntomodulin (OXM) is a glucagon-like peptide 1 (GLP-1) receptor (GLP1R)/glucagon receptor (GCGR) dual agonist peptide that reduces body weight in obese subjects through increased energy expenditure and decreased energy intake.  The metabolic effects of OXM have been attributed primarily to GLP1R agonism.,"1. Glucagon like peptide-1 (GLP-1) stimulates glucose-dependent insulin secretion.GLP-1R activation by ex-4 resulted in reduction of COX-2 through increasing IB1 expression, resulting in anti-inflammatory neuroprotection during stroke.The anti-inflammatory action of GLP-1 could be used as a new strategy for the treatment of neuroinflammation after stroke accompanied by hyperglycemia.","1. Abelmoschus esculentus (AE) has benefits to regulate DPP-4 and GLP-1R, to reduce oxidative stress and renal fibrosis, with resultant to improve renal function and prevent diabetic renal damage. Taken together, F2 could be more promising to be developed as adjuvant for diabetic nephropathy. 2. The expressions of GLP-1R and CB-1R mRNA increased approximately 1.89- and 2.94-fold, respectively, in the diabetes+sitagliptin group as compared to the diabetic group. Sitagliptin treatment regulates GLP-1R and CB-1R gene expressions, which are associated with appetite regulation in diabetic rat, and may decrease oxidative stress and liver tissue damage.",19602537,19602537,28912645,"30648566, 28599244"
Neuropathy,HGF,Inflammation,,,,Treatment of HGF with a CD36 inhibitor also inhibited palmitate-induced pro-inflammatory responses.,,,,25921577,,,
Neuropathy,HMGB1,Inflammation,,,,"Furthermore, in vitro  data support the hypothesis that BMSCs-induced reduction of HMGB1 and RAGE in T2DM-MCAo rats contributed to attenuated inflammatory response in the ischemic brain, which may lead to the beneficial effects of BMSCs treatment.",,,,26946264,,,
Neuropathy,HMOX1,DIet,Inflammation,Obesity,Stress,"1. We find that hepatocyte and macrophage conditional HO-1 deletion in mice evokes resistance to  diet-induced insulin resistance and inflammation, dramatically reducing secondary disease such as steatosis and liver toxicity.","1. Activation of heme oxygenase-1 (HO-1), a heme-degrading enzyme responsive to a wide range of cellular stress, is traditionally considered to convey adaptive responses to oxidative stress, inflammation and vasoconstriction.",1. Recent studies have  also identified a beneficial role for HO-1 in the regulation of body weight and metabolism in diabetes and obesity.,"1. Activation of heme oxygenase-1 (HO-1), a heme-degrading enzyme responsive to a wide range of cellular stress, is traditionally considered to convey adaptive responses to oxidative stress, inflammation and vasoconstriction.",24995976,25344086,22071158,25344086
Neuropathy,HSPA5,Obesity,,,,"ER stress proteins IRE1-alpha, GRP78 and XBP-1s were upregulated in skeletal muscle of obese pregnant women, whereas IRE1-alpha was increased in GDM women.",,,,26902174,,,
Neuropathy,IFNG,Inflammation,,,,1. These results suggest that polymorphisms of the IFNG gene  may modify the function of this proinflammatory mediator and the response to pancreatic islet beta cells.,,,,10714554,,,
Neuropathy,IGF1,Diet,Inflammation,Obesity,Stress,"1. Irrespective of postnatal diet, prenatal undernutrition was found to be associated with unexpected endocrine responses of leptin, IGF1 and cortisol during fasting (lack of or the opposite response compared with the controls) in 2-year-old adults.","1. An indolent non-healing wound and insulin and/or insulin-like growth factor (IGF1) resistance are cardinal features of diabetes, inflammation and hypercortisolemia.","1. Insulin and IGF1 are known to enhance IL-17-induced expression of inflammatory cytokines and chemokines, which may contribute to the chronic inflammatory status observed in obese people.",1. The improved mitochondrial function and  reduced oxidative stress may contribute the effect of IGF-I in the liver.,24096964,22362362,25520943,22659415
Neuropathy,IGF2,Diet,Inflammation,Obesity,Stress,"1. IGF-I was not significantly associated with cardiovascular risk factors but IGF-II levels correlated positively with total and LDL cholesterol most markedly in the diet treated group (0.72, p < 0.01 and 0.76, p < 0.01 respectively).","1. In addition, old IGF-II/LDLR(-/-)ApoB(100/100) mice displayed significantly increased lesion calcification, which was more related to insulin resistance than glucose levels, and significantly higher baseline expression in aorta of several genes related to calcification and inflammation.","1. CONCLUSION: Our data suggest that variation in IGF2 DMR methylation is an important mechanism by which circulating IGF2 concentrations, a putative risk factor for obesity and cancers of the colon, esophagus, and prostate, are modulated; associations that may depend on pre-pregnancy obesity.  PMCID: PMC3313040","1. In conclusion, the paraoxonase -108 C-->T variant and the ApaI polymorphism in the IGF2 gene are associated with PCOS and might contribute to increased oxidative stress, insulin resistance, and hyperandrogenism in this prevalent disorder.",8636318,17872464,22392079,15181035
Neuropathy,IL10,DIet,Inflammation,Obesity,Stress,"1. While bone marrow p16(INK4a)-deficiency did not affect the gene expression profile of adipose tissue, hepatic expression of the alternative markers Chi3l3, Mgl2 and IL10 was increased and the induction of pro-inflammatory Nos2 was restrained on the high fat diet.","1. Moreover, considering the possible role of vitamin D in the inflammation mechanisms, we also aimed at measurement of some inflammatory mediators such as TNF-alpha, IL-1alpha, IL4, IL-6, IL10, IL13 and IL17 in inflammatory state in samples obtained from obese persons with and without positive family history of cancer.",1. CONCLUSIONS: Our study confirmed that low IL10 concentration is associated with overweight and obesity in young adolescents.,1. The antioxidant effect of IL-10 is mediated through PI3-kinase and is paralleled by a decrease in ceramide synthesis induced by TNF-alpha.,22403661,23748283,23941335,23247124
Neuropathy,IL4,Inflammation,,,,"1. Moreover, considering the possible role of vitamin D in the inflammation mechanisms, we also aimed at measurement of some inflammatory mediators such as TNF-alpha, IL-1alpha, IL4, IL-6, IL10, IL13 and IL17 in inflammatory state in samples obtained from obese persons with and without positive family history of cancer.",,,,23748283,,,
Neuropathy,IRS2,Diet,Inflammation,Obesity,Stress,"1. In conclusion, exercise combined with a moderate fat diet is a good  way to maximize beta-cell function and mass through IRS2 induction to alleviate the diabetic condition","1. Thus, modulation  of IRS2-dependent signalling emerges as a potential therapeutic strategy to promote VSMC survival and atheroma plaque stability and to reduce inflammatory mediators in IR-MetS.",1. CONCLUSION: The relationships between G1057D variants of IRS2 and T2DM are mediated by obesity.,"1. RESULTS: Expression of ATF3 is sufficient to reduce IRS2 gene expression; in contrast, knockdown or knockout of ATF3 reduces the ability of stress signals to  downregulate IRS2 expression.",17761790,24788416,16086274,18057093
Neuropathy,KCNJ11,Diet,Obesity,,,1. Sulfonylurea treatment in a girl with neonatal diabetes (KCNJ11 R201H) and celiac disease: impact of low compliance to the gluten free diet.,"1. Conclusion: The KCNJ11 E23K polymorphism is not associated with genetic susceptibility to type 2 diabetes in the Iranian population; however, it  may play a role in disease progression in the presence of obesity.",,,19345438,24460047,,
Neuropathy,LEP,Obesity,Inflammation,Diet,Stress,"CONCLUSIONS: Middle-aged adults born with a low weight present a higher prevalence of diabetes and obesity and also higher leptin levels and leptin to fat mass ratio than adults born with a normal weight.2. Thus, resistance to leptin in obese subjects with type 2 diabetes determines lower central effects of leptin with lower gonadotropin-releasing hormone (GnRH) secretion and, on the other hand, hyperleptinemia secondary to leptin resistance inhibits testosterone secretion at the testicular level.3. CONCLUSION: Visceral obesity is associated with IR, a 5.7-fold increase in leptin levels and a high risk of developing type 2 diabetes 1 year after MI onset.4. We conclude that leptin resistance-induced obesity and diabetes accelerates the development of tau pathology.","1. It significantly reduced serum concentrations of glucose, lipids, inflammation, and liver function markers, including insulin, glucagon, leptin, total cholesterol, triglycerides, low density lipoprotein, interleukin-1-alpha, and alanine transferase in KK-A(y) mice.2. It is known that adipose tissue can synthesize and release pro-inflammatory cytokines, tumor necrosis factor-alpha, interleukin-1, adiponectin and leptin that are associated with body fat mass.","CONCLUSIONS: A Paleolithic diet improves fat mass and metabolic balance including insulin sensitivity, glycemic control, and leptin in subjects with type 2 diabetes.","1. Adipose tissue dysfunction with high leptin, inflammation, and increased oxidative stress may play a pivotal role in T2DM development in obese patients.Roux-Y gastric bypass (RYGB) improves adipose tissue function and inflammation. Leptin as marker for adipose tissue dysfunction may be the mediating factor between insulin resistance and oxidative stress and thereby likely improving T2DM.","27141948 , 27071157 , 26989445 , 26701291","27295301 , 26375580",27235022,28691147
Neuropathy,LMNA,Obesity,,,,1. LMNA mRNA expression is altered in human obesity and type 2 diabetes.,,,,18497734,,,
Neuropathy,LPL,DIet,Inflammation,Obesity,Stress,"1. Ibrolipim exerts renoprotective and hypolipidemic effects via the increase in renal LPL activity and expression, and thus the increased expression  and activity of renal LPL play a vital role in suppressing renal lipid accumulation and ameliorating proteinuria in diet-induced diabetic minipigs.","1. Moreover, recent evidence that LPL plays important roles in inflammation  and obesity implies that it is an appropriate general target for chemopreventive  and chemotherapeutic agents.","1. Dysregulation of LPL has been reported to contribute to many human diseases, such as atherosclerosis, chylomicronaemia, obesity, and type 2 diabetes.","1. Overall, these data demonstrate that binding of leptin at the macrophage cell surface increases, through oxidative stress- and PKC-dependent pathways, LPL expression.",21762526,22028972,22028972,12882931
Neuropathy,MBP,Inflammation,,,,"1. Following administration of the MBP peptide, together with adjuvant and pertussis toxin, transgenic mice developed focal CNS inflammation and demyelination that led to clinical manifestations and disease courses resembling those seen in MS.",,,,10610182,,,
Neuropathy,MIF,Diet,Inflammation,Obesity,Stress,"1. CONCLUSIONS: These results indicate that MIF knockout preserved obesity-associated cardiac anomalies without affecting fat diet-induced obesity,  probably through restoring myocardial autophagy in an Akt-dependent manner.","1. The macrophage migration inhibitory factor (MIF), is a proinflammatory cytokine involved in autoimmune and inflammatory diseases.","1.  Different studies show consistently, increased serum levels of MIF in subjects with obesity, type 2 diabetes and diabetics with microvascular complications (nephropathy, retinopathy and diabetic foot syndrome).",1. Oxidative stress-mediated (sex-specific) loss of protection against type-2 diabetes by macrophage migration inhibitory factor (MIF)-173G/C polymorphism.,25248618,25272526,25272526,25108206
Neuropathy,MTHFR,DIet,Inflammation,Obesity,Stress,1. CONCLUSION: The observed association of an MTHFR 677C-->T gene-diet interaction on homocysteine concentrations may provide a pathophysiologic explanation for how a Mediterranean diet may influence coronary risk in persons with raised homocysteine concentrations.,"1. Since MTHFR is involved in methylation, inflammation and protection against oxidative stress, the processes especially important for pancreatic homeostasis.","1. CONCLUSION: In Kirghizes carriage of T677 allele of MTHFR gene was associated with IR, abdominal obesity, hypertriglyceridemia and low HDL-C level.","1. Since MTHFR is involved in methylation, inflammation and protection against oxidative stress, the processes especially important for pancreatic homeostasis.",15447889,23273201,21627615,23273201
Neuropathy,NFE2L2,Diet,Inflammation,Obesity,Stress,"1. In humans who consume a nutritious diet, the NRF2 system has become highly energy efficient.",1. The transcription factor nuclear factor erythroid-2-related factor 2 (also known as NFE2L2 or NRF2) is an important regulator of oxidative stress and also has anti-inflammatory effects.,1.  NRF2 activation represents a potential novel approach in the treatment and prevention of obesity and diabetes.,"1. Activation of NFE2L2 protects against oxidative stress in vitro and in vivo, and represents an  important target for prophylaxis and treatment of diabetic complications.",25708599,24186494,21161163,23569125
Neuropathy,NGF,Diet,Inflammation,Obesity,Stress,"1. NGF levels were decreased in diabetic rats (2.35 +/- 0.20 vs 3.57 +/- 0.20 ng/g in controls, P <  0.01), and this decrease was attenuated by T treatment (3.16 +/- 0.28, P < 0.05 vs diabetic group).",1. NGF  was positively related to inflammatory markers.,"1. Neurotrophins, particularly, NGF and BDNF are now well recognized to mediate a dizzying number of trophobiological effects, ranging from the Rita Levi-Montalcini's neurotrophic through immunotrophic to metabotrophic effects.These are implicated in the pathogenesis of various diseases including neuropsychiatric and cardiometabolic diseases, such as dementia, depression, type 2 diabetes and obesity that may express a common phenotype and coexistence.","1. CONCLUSIONS/INTERPRETATION: Oxidative stress plays an unrecognised role in causing accumulation of proNGF, which can activate a common pathway, RhoA/p38MAPK, to mediate neurovascular injury.",11681853,17766712,20066808,20957344
Neuropathy,NGFR,Stress,,,,1. Our data suggest that Cav-1 down-regulation may contribute to altered neurotrophism in DPN by enhancing the response of SCs to neuregulins and that p75NTR-mediated JNK activation may provide a mechanism for the neurotrophic modulation of hyperglycemic stress.,,,,12679365,,,
Neuropathy,NOS1,Diet,Inflammation,Obesity,Stress,"1. Immunoblotting analysis revealed that the retinal tissue of HFD rats had lower levels of AKT(1)  , eNOS and nNOS protein than those of samples taken from control animals.","1. In contrast, nNOS expression was strongly decreased by the mixture of the three proinflammatory cytokines (IL-1alpha, TNF-alpha and IFN-gamma) both on the gene and protein level in INS1E cells and rat islet cells.","1. CONCLUSIONS/INTERPRETATION: Increased nNOS production and dimerisation, together  with a relative decrease in catalytic activity and relocalisation, are involved in beta cell hyperactivity in insulin-resistant rats but also in human islets isolated from obese individuals.","1. CONCLUSIONS: These results indicate that increased endogenous ADMA contributes to hepatic ER stress in type 2 diabetic rats, and the mechanism underlying ADMA-induced ER stress may relate to oxidative stress via NOS uncoupling.",22915345,22921991,21847584,24918756
Neuropathy,NOS3,DIet,Inflammation,Obesity,Stress,"1. As reported previously, the effect of the HFD was associated with increased aortic inflammation, as measured by increased NF-KB-dependent gene expression, and reduced vascular insulin sensitivity (including insulin-stimulated phosphorylation of eNOS and Akt).","1. CONCLUSIONS/INTERPRETATION: In a rat model of severe diabetes, pharmacological enhancement of impaired eNOS production and NO-cGMP signalling by AVE3085 restores altered hindlimb blood flow and prevents vascular inflammation.",1. A higher frequency of NOS3 4a allele was found in obese (P=0.027) vs. nonobese subjects.,"1. Depletion of BH4 in oxidative-stressed endothelial cells can result in so-called NOS3 ""uncoupling,"" resulting in production of superoxide instead of NO.",25117404,18825362,21406182,23011059
Neuropathy,P2RX3,Inflammation,,,,"Thus, NONRATT021972 siRNA treatment may suppress the upregulated expression and activation of the P2X3 receptor and reduce the hyperalgesia potentiated by the pro-inflammatory cytokine TNF-alpha in T2DM rats.",,,,26742527,,,
Neuropathy,PARP,Diet,Inflammation,Obesity,Stress,"1. These findings suggests that hyperhexosemia and diabetes causes upregulation of ET-1, FN and EDB(+) FN at the transcriptional level in the retina and kidney via a signaling pathway mediated by PARP and an epigenetic mechanism involving p300 and MEF2 transcription factors.",1. Diabetes is known to increase poly-ADP-ribose-polymerase (PARP) activity and posttranslational poly-ADP-ribosylation of several regulatory proteins involved in inflammation and energy metabolism.,"1. For diabetes, the PARP of aging, dyslipidemia and abdominal obesity were 41.55%, 29.25% and 25.10%  respectively.","1. Under conditions of increased oxidative stress, such as pre-eclampsia and diabetes, overstimulation of PARP leads to endothelial dysfunction.",18351623,23549425,22177305,22339234
Neuropathy,POMC,Obesity,,,,"Altered regulation  of these neuronal networks, in particular the dysfunction of POMC neurons upon high-fat consumption, is a major pathogenic mechanism involved in the development of obesity and type 2 diabetes mellitus.",,,,26930171,,,
Neuropathy,PON1,Diet,Inflammation,Obesity,Stress,"1. Paraoxonase1 (PON1) reduces insulin resistance in mice fed a high-fat diet, and promotes GLUT4 overexpression in myocytes, via the IRS-1/Akt pathway.",1. These results further link PON1 to diabetes and inflammation and may inform the role of HDL in human disease.,1. CONCLUSIONS: Our results suggest that PON1 may play a role in the onset and development of metabolic alterations in childhood obesity leading to diabetes and cardiovascular disease later in life.,"1. uman paraoxonase 1 (PON1) has been shown to decrease the level of systemic oxidative stress, which is thought to contribute to cancer development.",23639858,23160181,24028901,23438848
Neuropathy,PSMD9,Inflammation,Obesity,,,1. A possible role of PSMD9 in microvascular pathology may be related to a causative pathogenetic role in inflammation as part of an autoimmune process.,"1. PSMD9 SNP rs74421874 [intervening sequence (IVS) 3+nt460 G>A], rs3825172 (IVS3+nt437 C>T) and rs1043307/rs2514259 (E197G A>G)  are all linked to type 2 diabetes (T2D), maturity-onset-diabetes-of the young 3 (MODY3), obesity and waist circumference, hypertension, hypercholesterolemia, T2D-macrovascular and T2D-microvascular disease, T2D-neuropathy, T2D-carpal tunnel syndrome, T2D-nephropathy, T2D-retinopathy, non-diabetic retinopathy and depression.",,,22015693,24648162,,
Neuropathy,RPS6KA6,Stress,,,,"1. Recently, ribosomal protein S6 kinase 4 (RSK4), a member of serine/threomine (Ser/Thr) kinase family and p53-related gene, is reported to  regulate the replicative and stress-induced senescence of different cells.",,,,22297070,,,
Neuropathy,SERPINF1,Diet,Inflammation,Obesity,Stress,"1. An animal study was performed in which PEDF was measured in the kidney and urine samples of control rats, rats rendered diabetic with streptozotocin that were also fed a high-fat diet, and diabetic rats treated with irbesartan for 3 months. 2. Animal study: in diabetic rats, increased PEDF was observed in both the urine and kidney samples.",1. We have identified pigment epithelium-derived factor (PEDF) as a mediator of inflammation that is secreted by adipocytes and mediates macrophage activation.,"1. Common genetic variation in the SERPINF1 locus determines overall adiposity, obesity-related insulin resistance, and circulating leptin levels.",1. Pigment epithelium-derived factor inhibits high glucose induced oxidative stress  and fibrosis of cultured human glomerular mesangial cells.,20523035,22714715,22457810,21858384
Neuropathy,SLC2A3,Diet,Stress,,,"1. Although expression of GLUT1 was similar between groups for all three brain structures analyzed, expression of GLUT3 in the cortex and hypothalamus had a tendency to decrease in the HP diet group treated with SFN.","1. In addition, increases in HNE protein conjugation of GLUT3 provide a  potential mechanism for stress- and diabetes-mediated decreases in hippocampal neuronal glucose utilization.",,,23797263,10799703,,
Neuropathy,SLC2A4,Diet,Inflammation,Obesity,Stress,1. Gallic acid attenuates high-fat diet fed-streptozotocin-induced insulin resistance via partial agonism of PPAR-gamma in experimental type 2 diabetic rats and  enhances glucose uptake through translocation and activation of GLUT4 in PI3K/p-Akt signaling pathway.,"1. Based on our studies of the interplay between PPAR-gamma, FOXO1 and free fatty acids, and inflammation in regulating GLUT4 transcription in sickness and in health, we suggest a novel paradigm to increase insulin sensitivity in bona fide insulin target cells.","1. Moreover, gene expression levels of SLC2A4 (GLUT4) were downregulated (p=0.002) in VAT of obese patients.","1. Mitochondrial stress activated c-Jun N-terminal kinase (JNK) and p38 mitogen-activated protein kinase (p38 MAPK) signalling in a Ca(2+)-dependent manner, and removal of free Ca(2+) by BAPTA-AM, as well as inhibition of JNK and  p38 MAPK, abrogated mitochondrial stress-induced reductions in IRS1 and SLC2A4 production.",25445038,17317207,25523146,16736133
Neuropathy,SOD2,DIet,Inflammation,Obesity,Stress,"1. We conclude that heterozygous SOD2 deletion in mice, a model that mimics SOD2 changes observed in diabetic humans, impairs GSIS in HF-fed mice without affecting insulin action.",1. The results suggest that Ala16Val-SOD2 gene polymorphism could trigger the PBMCs proinflammatory cytokines level.,1. Increased proton leak and SOD2 expression in myotubes from obese non-diabetic subjects with a family history of type 2 diabetes.,1. Manganese superoxide dismutase (SOD2) is a primary defense against mitochondrial oxidative stress.,24947366,22688013,23685312,24947366
Neuropathy,SREBF1,Diet,Inflammation,Obesity,Stress,"1. The expression of CD36, PPAR-gamma, SCD1, SREBF1 and UCP2  were significantly upregulated in HFD rats.","1. SREBP-1c regulates glucose-stimulated hepatic clusterin expression. 2. Clusterin is a stress-response protein that is involved in diverse biological processes, including cell proliferation, apoptosis, tissue differentiation, inflammation, and lipid transport.","1. In conclusion, the alb-SREBP-1c mouse model allowed the elucidation of the systemic impact of SREBP-1c as a central regulator of lipid metabolism in vivo and also demonstrated that the liver is a more active player in metabolic diseases such as visceral obesity and insulin resistance.",1. ER stress has been shown to directly activate the lipogenic transcription factor SREBP-1c (sterol regulatory element binding protein-1c) conducting to an induction of the  lipogenic pathway.,24638096,21549685,22363740,19726979
Neuropathy,TH,Inflammation,Stress,,,"In DM, differences in TH levels compared to non-diabetic individuals were related to increased subclinical inflammatory activity and BMI.","1. Advanced glycation end products (AGEs) play a causative role in the complications involved with diabetes mellitus (DM). Nowadays, DM with hypothyroidism (DM-hypothyroidism) is indicative of an ascended tendency in the combined morbidity.Both AGEs and high glucose triggered cellular damage, increased oxidative stress, as well as displayed a decreased survival rate along with TH secretion in the Nthy-ori 3-1 cells.  data proposed that AGEs and high glucose exerted a potent effect on cellular damage and TH deficiency in Nthy-ori 3-1 cells through the RAGE upregulation as well as SIRT1/Nrf2 pathway inactivation. This mechanism may underlie the occurrence of DM-hypothyroidism.",,,26049370,30320918,,
Neuropathy,TLR4,Diet,Inflammation,Obesity,Stress,"1. Toll-like receptor (TLR)-2 and -4 ligands are increased systemically in recently diagnosed type 2 diabetes patients, and TLR2- and TLR4-deficient mice are protected from the metabolic consequences of a high-fat diet.","1. This is first evidence that even in healthy subjects, HG of short duration increases TLR4 and TF-PCA, key players in inflammation and thrombosis.","1. LPS (lipopolysaccharide) and saturated NEFA (non-esterified fatty acids) activate TLR4, and plasma concentrations of these TLR4 ligands are elevated in obesity and Type-2 diabetes.","1. Thus, insufficient LPS-induced chaperone expression links TLR4 signaling to endoplasmic reticulum stress.",24816367,25653143,23050932,22427667
Neuropathy,TNF,Diet,Inflammation,Obesity,Stress,"1. Lipid metabolism, dietary supplements and physical activity affect TNF-alpha expression.","1. Macrophages activated by dying or stressed cells, induce the transcription factor nuclear factor kappa-B leading to the production of pro-inflammatory cytokines including TNF and IL-6.",1. TNF levels are elevated in states of obesity and insulin resistance.,"1. Adipocytes subjected to oxidative stress also showed shortened telomeres and increased mRNA and protein expression of p53, p21, TNF alpha and IL-6.",19118493,23495213,17447161,23385819
Neuropathy,TNFRSF11B,Diet,Inflammation,Obesity,Stress,1. CONCLUSIONS/SIGNIFICANCE: These data suggest that OPG may trigger adipose tissue  proinflammatory changes in MetS/HFD-induced obesity.,1. CONCLUSIONS/SIGNIFICANCE: These data suggest that OPG may trigger adipose tissue  proinflammatory changes in MetS/HFD-induced obesity.,1. CONCLUSIONS/SIGNIFICANCE: These data suggest that OPG may trigger adipose tissue  proinflammatory changes in MetS/HFD-induced obesity.,"1. CONCLUSIONS: Elevated OPG levels are associated with surrogate markers of inflammation, endothelial dysfunction, oxidative stress and CVD in CKD patients.  Moreover, inflammation and OPG levels seem to have additive effects on survival.",24998520,24998520,24998520,19967657
Neuropathy,TRH,Inflammation,Obesity,,,"1. In conclusion, sympathetic overactivation triggered by brainstem TRH contributes to the mechanism of cardiovascular morbidity and mortality in T2D, which involves heightened cardiac inflammation and peripheral oxidative stress responses to sympathetic drive, and a mediating role of the renin-angiotensin system.","1. The mechanism most often put forward by the researchers that links obesity to thyroid function is the increased level of leptin, which affects neurones in the hypothalamus and the thyroid axis causing TRH and TSH secretion.  The body mass is positively correlated with serum leptin and elevated level of leptin is connected with an increase in TSH level.",,,21900943,23146791,,
Neuropathy,TRPA1,Inflammation,Obesity,,,"1. Furthermore, TRPA1 is also involved in persistent to chronic painful states such as inflammation, neuropathic pain, diabetes, fibromyalgia, bronchitis and emphysema.",This review summarizes recent findings regarding TRPV1 and TRPA1 in association with whole body metabolism with emphasis on obese and diabetic conditions.  PMCID: PMC4808497 [Available on 2017-05-01],,,21466445,26403087,,
Neuropathy,TRPV1,Diet,Inflammation,Obesity,Stress,"1. In db/db mice, TRPV1 activation by dietary capsaicin ameliorated abnormal glucose homeostasis and increased GLP-1 levels in the plasma and ileum.",1. TRPV1 expressed in sensory neurons is involved in beta-cell stress and islet inflammation by controlling neuropeptide release levels.,"1. The capsaicin receptor, known as transient receptor potential vanilloid subfamily member 1 (TRPV1), is an important membrane receptor that has been implicated in obesity, diabetes, metabolic syndrome and cardiovascular diseases.","1. TRPV1 is involved in oxidant stress-induced pain and in neuronal injury, contributing to diabetic sensory neuropathy.",22664955,21785227,22327653,21290315
Neuropathy,TSPO,Stress,Obesity,,,"1. Stress induced the expression of TSPO 18-kDa receptor (B(max) = 106.45+/-5.87 fmol/mg proteins), which is undetectable by saturation-binding assay with [(3)H]PK 11195 in the control group.","1.genetic obesity increases pancreatic expression of Cyp27A1, ADXR, TSPO and LXRα, while modulation of Cyp27A1 and its redox partners promotes cholesterol efflux from insulin-secreting cells to acceptor (apo)lipoproteins; this response may help guard against loss of insulin secretion caused by accumulation of excess intracellular cholesterol. ",,,20948513,30819824,,
Neuropathy,UCP2,Diet,Inflammation,Obesity,Stress,1. Uncoupling protein-2 protects endothelial function in diet-induced obese mice.,"1. Unlike UCP1, UCP2 does not seem to be important to thermogenesis or weight control, but appears to have an important role in the  regulation of production of reactive oxygen species, inhibition of inflammation,  and inhibition of cell death.","1. Genetic association studies have shown that human UCP2 and UCP3 variants (SNPs and indels) are associated with obesity, insulin resistance, type 2 diabetes mellitus, and metabolic syndrome.","1. When overexpressed in nonstressed naive cells, UCP2 confers resistance to oxidative stress.",22461387,16487034,25495519,23029600
Neuropathy,UNC13A,Obesity,,,,"1. Expression of Munc13-1, along with its cognate partners, syntaxin 1a and Munc18a, is reduced in the pancreatic islets of type-2 diabetes non-obese Goto-Kakizaki and obese Zucker fa/fa rats.",,,,12871971,,,
Neuropathy,VEGFA,DIet,Inflammation,Obesity,Stress,1. Systemic VEGF-A neutralization ameliorates diet-induced metabolic dysfunction.,"1. In this study, we show that in insulin-resistant high-fat diet-fed mice, the enhanced islet vascularization and inflammation was parallel to an increased expression of vascular endothelial growth factor A (VEGF).",1. The vascular endothelial growth factor (VEGF) family of cytokines are important regulators of angiogenesis that have emerged as important targets for the treatment of obesity.,"1. In lymphoblastoid cells induced to undergo endoplasmic reticulum (ER) stress by treatment of tunicamycin, higher fold change of TCF7L2 and VEGFA mRNA levels were observed in rs7903146-TT cells than in rs7903146-CC cells (P = 0.02 for TCF7L2; P = 0.004 for VEGFA), suggesting that ER stress plays a role in PDR pathogenesis.",24696450,22961079,24696450,23434931
Neuropathy,VIP,Diet,Inflammation,Obesity,Stress,"1. High-fat diet ingestion correlated with a loss of neurons expressing VIP and nNOS but did not affect the expression of ChAT, substance P, calbindin and CGRP.",1. Vasoactive intestinal peptide (VIP) and its receptors play a relevant role in the homeostasis of insulin secretion as well as in the control of inflammation.,"1. Duodenal GIP and VIP, and colonic somatostatin and VIP levels were lower in obese diabetic mice than controls.","1. These results show that both VIP and VPAC1 agonist ameliorated STZ-induced diabetes and protected mice against oxidative stress and inflammation associated diabetes, with VPAC1 being the receptor most responsible for these positive effects in diabetic mice.",23881404,22166542,12602781,21129425
Neuropathy,VWF,Inflammation,Obesity,,,"1. Plasma VWF levels are determined by genetic factors including ABO blood groups and VWF mutations, and by non-genetic factors including aging, impaired nitric oxide production, inflammation, free radical production and diabetes.","1. The obese women had higher CRP  (p = 0.0001), fibrinogen (p = 0.014), PAI-1 (p = 0.003), VWF (p = 0.004) and FVII levels (p = 0.0001) than the normal controls, and their body mass index (BMI) positively correlated with CRP (r = 0.462, p = 0.02), fibrinogen (r = 0.426, p =  0.04) and PAI-1 (r = 0.468, p = 0.02).",,,16706957,21249470,,
Neuropathy,XIAP,Inflammation,Stress,,,"1. XIAP expression led to decrease in the activities of caspase 3/7, 8 and 9, resulting in reduced apoptotic cell death induced by a cocktail of inflammatory cytokines such as IL-1alpha, TNF-alpha, and IFN-gamma. Prolonged normoglycemic control could be achieved by transplantation of Adv-XIAP transduced human islets  under the kidney capsule of streptozotocin induced diabetic NOD-SCID mice.","1. In this study, human islets transduced with a XIAP-expressing recombinant adenovirus were resistant to apoptosis and functionally recovered following in vitro stresses of hypoxia and hypoxia with reoxygenation (models reperfusion injury).",,,20677802,16123341,,
